S#,SNAME,SEX,BDATE,HEIGHT,DORM
02200000,阎桂英,女,2002-03-18,1.67,西2舍101
02000001,闵岩,男,2002-06-04,1.70,东2舍101
02200002,陈丽娟,女,2003-04-14,1.62,西2舍101
02000003,贾斌,男,2001-03-24,1.75,东2舍101
02200004,刘杨,女,2001-07-20,1.54,西2舍102
02000005,何帆,男,2002-03-30,1.64,东2舍102
02200006,谷霞,女,2001-11-12,1.69,西2舍102
02000007,程宁,男,2001-02-18,1.80,东2舍102
02200008,王玉华,女,2002-01-12,1.76,西2舍103
02000009,刘婷婷,男,2001-06-29,1.70,东2舍103
02200010,吕志强,女,2002-04-17,1.79,西2舍103
02000011,廖金凤,男,2001-08-19,1.70,东2舍103
02200012,黄桂芝,女,2003-04-13,1.61,西2舍104
02000013,方静,男,2003-04-26,1.60,东2舍104
02200014,郑斌,女,2001-03-20,1.64,西2舍104
02000015,汤文,男,2001-05-26,1.89,东2舍104
02200016,郑婷婷,女,2002-03-28,1.72,西2舍105
02000017,张萍,男,2003-01-21,1.64,东2舍105
02200018,王柳,女,2002-06-09,1.59,西2舍105
02000019,林倩,男,2003-11-16,1.79,东2舍105
02200020,张欣,女,2002-10-14,1.61,西2舍106
02000021,陈桂花,男,2003-01-12,1.67,东2舍106
02200022,屈阳,女,2001-09-14,1.54,西2舍106
02000023,乔海燕,男,2001-09-02,1.72,东2舍106
02200024,邹红,女,2003-07-18,1.79,西2舍107
02000025,王丽娟,男,2002-02-13,1.83,东2舍107
02200026,芦建华,女,2003-12-17,1.59,西2舍107
02000027,彭建军,男,2003-08-17,1.78,东2舍107
02200028,丁瑜,女,2002-10-05,1.59,西2舍108
02000029,汪婷婷,男,2002-08-31,1.66,东2舍108
02200030,郑秀兰,女,2002-01-14,1.75,西2舍108
02000031,郭杨,男,2003-02-07,1.90,东2舍108
02200032,樊成,女,2002-08-03,1.71,西2舍109
02000033,周艳,男,2002-10-22,1.87,东2舍109
02200034,张鑫,女,2001-08-20,1.62,西2舍109
02000035,黄婷,男,2003-02-13,1.63,东2舍109
02200036,梁阳,女,2003-09-06,1.67,西2舍110
02000037,张刚,男,2001-07-09,1.87,东2舍110
02200038,赵云,女,2001-02-15,1.79,西2舍110
02000039,刘桂芝,男,2003-09-12,1.90,东2舍110
02200040,华峰,女,2001-02-11,1.74,西2舍111
02000041,邵斌,男,2002-11-16,1.66,东2舍111
02200042,周旭,女,2003-11-12,1.67,西2舍111
02000043,李燕,男,2002-08-09,1.68,东2舍111
02200044,祁磊,女,2003-11-07,1.75,西2舍112
02000045,党坤,男,2001-04-13,1.76,东2舍112
02200046,李斌,女,2003-07-27,1.67,西2舍112
02000047,吴桂英,男,2003-02-02,1.78,东2舍112
02200048,沙晨,女,2001-03-28,1.76,西2舍113
02000049,刘凤英,男,2002-08-10,1.69,东2舍113
02200050,杨雪,女,2001-06-10,1.60,西2舍113
02000051,张萍,男,2003-04-11,1.68,东2舍113
02200052,张桂兰,女,2003-09-02,1.80,西2舍114
02000053,刘海燕,男,2002-07-01,1.78,东2舍114
02200054,何丽,女,2001-01-09,1.74,西2舍114
02000055,张华,男,2003-02-06,1.87,东2舍114
02200056,沈丽华,女,2003-09-20,1.68,西2舍115
02000057,温洁,男,2003-03-06,1.70,东2舍115
02200058,王明,女,2002-07-02,1.74,西2舍115
02000059,李涛,男,2003-07-03,1.63,东2舍115
02200060,丁博,女,2003-03-17,1.77,西2舍116
02000061,牛桂英,男,2001-08-10,1.78,东2舍116
02200062,周秀梅,女,2002-05-21,1.78,西2舍116
02000063,费秀兰,男,2001-07-02,1.70,东2舍116
02200064,张瑜,女,2003-05-01,1.55,西2舍117
02000065,贺海燕,男,2001-07-16,1.71,东2舍117
02200066,朱燕,女,2001-12-01,1.67,西2舍117
02000067,杨桂花,男,2003-08-04,1.60,东2舍117
02200068,李敏,女,2002-01-13,1.70,西2舍118
02000069,何霞,男,2001-04-15,1.64,东2舍118
02200070,王荣,女,2002-11-26,1.75,西2舍118
02000071,劳杨,男,2003-12-28,1.82,东2舍118
02200072,宋建平,女,2001-04-25,1.62,西2舍119
02000073,黄峰,男,2002-10-08,1.70,东2舍119
02200074,吉红霞,女,2003-01-17,1.72,西2舍119
02000075,夏坤,男,2003-10-30,1.89,东2舍119
02200076,戈琳,女,2003-04-20,1.77,西2舍120
02000077,吴霞,男,2002-09-26,1.84,东2舍120
02200078,程成,女,2001-12-17,1.63,西2舍120
02000079,李莉,男,2001-05-20,1.82,东2舍120
02200080,范玉梅,女,2002-02-27,1.68,西2舍121
02000081,任宇,男,2002-02-04,1.78,东2舍121
02200082,何丽丽,女,2003-12-18,1.73,西2舍121
02000083,李平,男,2003-06-01,1.68,东2舍121
02200084,李娟,女,2001-08-07,1.59,西2舍122
02000085,杨凤英,男,2003-10-10,1.73,东2舍122
02200086,丛玉英,女,2003-03-27,1.62,西2舍122
02000087,黄俊,男,2001-01-10,1.74,东2舍122
02200088,张桂芳,女,2002-03-06,1.50,西2舍123
02000089,张小红,男,2001-07-07,1.89,东2舍123
02200090,徐淑英,女,2002-10-11,1.56,西2舍123
02000091,邹雪,男,2001-12-21,1.82,东2舍123
02200092,李东,女,2001-01-16,1.65,西2舍124
02000093,朱秀华,男,2003-08-16,1.86,东2舍124
02200094,黄斌,女,2003-09-11,1.55,西2舍124
02000095,徐健,男,2002-12-29,1.67,东2舍124
02200096,金瑜,女,2003-10-01,1.79,西2舍125
02000097,韩东,男,2001-09-08,1.67,东2舍125
02200098,周博,女,2001-07-30,1.70,西2舍125
02000099,陈凯,男,2001-10-09,1.60,东2舍125
02200100,戴秀华,女,2001-03-23,1.69,西2舍126
02000101,张文,男,2002-12-15,1.62,东2舍126
02200102,江雷,女,2001-02-09,1.55,西2舍126
02000103,孙琴,男,2003-02-07,1.85,东2舍126
02200104,薛利,女,2001-07-15,1.69,西2舍127
02000105,郭秀云,男,2002-03-21,1.84,东2舍127
02200106,李颖,女,2003-06-11,1.73,西2舍127
02000107,林想,男,2001-02-28,1.69,东2舍127
02200108,冯秀芳,女,2002-05-23,1.66,西2舍128
02000109,张桂兰,男,2002-07-06,1.81,东2舍128
02200110,郝刚,女,2001-01-23,1.57,西2舍128
02000111,闵红,男,2002-02-23,1.66,东2舍128
02200112,黄柳,女,2003-05-20,1.68,西2舍129
02000113,赖刚,男,2003-04-27,1.80,东2舍129
02200114,陈勇,女,2003-08-15,1.77,西2舍129
02000115,田娜,男,2003-01-11,1.77,东2舍129
02200116,邓成,女,2001-03-02,1.56,西2舍130
02000117,崔莉,男,2003-01-27,1.60,东2舍130
02200118,周兵,女,2003-08-16,1.75,西2舍130
02000119,宋秀云,男,2002-05-02,1.79,东2舍130
02200120,袁燕,女,2001-11-10,1.79,西2舍131
02000121,张岩,男,2003-01-13,1.81,东2舍131
02200122,李彬,女,2001-08-31,1.53,西2舍131
02000123,李凤英,男,2003-02-22,1.62,东2舍131
02200124,王桂芝,女,2002-10-31,1.76,西2舍132
02000125,骆丽华,男,2003-03-17,1.64,东2舍132
02200126,王秀云,女,2003-11-20,1.79,西2舍132
02000127,罗莹,男,2001-01-31,1.87,东2舍132
02200128,喻文,女,2001-10-11,1.75,西2舍133
02000129,徐红梅,男,2003-01-08,1.90,东2舍133
02200130,亓小红,女,2001-07-26,1.71,西2舍133
02000131,蔡超,男,2001-09-08,1.90,东2舍133
02200132,周丽华,女,2003-03-27,1.72,西2舍134
02000133,陈桂英,男,2001-04-28,1.87,东2舍134
02200134,王春梅,女,2001-02-27,1.70,西2舍134
02000135,曹红梅,男,2003-08-28,1.85,东2舍134
02200136,汪华,女,2001-01-17,1.51,西2舍135
02000137,陈萍,男,2001-05-01,1.60,东2舍135
02200138,查玉,女,2003-03-31,1.77,西2舍135
02000139,李桂花,男,2001-02-01,1.78,东2舍135
02200140,李成,女,2003-06-13,1.68,西2舍136
02000141,毛辉,男,2003-10-03,1.61,东2舍136
02200142,张凤英,女,2002-05-15,1.64,西2舍136
02000143,黄桂芳,男,2002-03-11,1.67,东2舍136
02200144,屈建国,女,2003-10-21,1.72,西2舍137
02000145,杜斌,男,2002-11-21,1.78,东2舍137
02200146,陈阳,女,2003-09-25,1.66,西2舍137
02000147,吴莹,男,2002-11-04,1.69,东2舍137
02200148,彭坤,女,2001-05-07,1.72,西2舍138
02000149,井鑫,男,2001-04-30,1.88,东2舍138
02200150,张秀华,女,2001-04-06,1.71,西2舍138
02000151,罗淑华,男,2002-10-09,1.86,东2舍138
02200152,徐建军,女,2003-12-10,1.75,西2舍139
02000153,冯岩,男,2001-11-08,1.70,东2舍139
02200154,李萍,女,2003-01-01,1.66,西2舍139
02000155,赵桂花,男,2001-02-13,1.76,东2舍139
02200156,田娟,女,2003-09-13,1.57,西2舍140
02000157,匡秀云,男,2001-01-11,1.90,东2舍140
02200158,曹玉珍,女,2002-12-07,1.52,西2舍140
02000159,林梅,男,2003-02-28,1.61,东2舍140
02200160,傅小红,女,2002-05-05,1.79,西2舍141
02000161,杜林,男,2001-07-29,1.83,东2舍141
02200162,朱秀华,女,2003-09-15,1.64,西2舍141
02000163,邵建军,男,2002-11-14,1.64,东2舍141
02200164,汪刚,女,2001-12-19,1.58,西2舍142
02000165,傅玉华,男,2003-02-09,1.89,东2舍142
02200166,徐磊,女,2001-09-17,1.64,西2舍142
02000167,魏金凤,男,2003-10-05,1.61,东2舍142
02200168,范丹丹,女,2003-04-24,1.77,西2舍143
02000169,冯想,男,2002-09-27,1.90,东2舍143
02200170,张东,女,2003-10-27,1.68,西2舍143
02000171,宋莉,男,2001-04-22,1.67,东2舍143
02200172,陆坤,女,2003-01-02,1.54,西2舍144
02000173,季凤兰,男,2003-09-24,1.80,东2舍144
02200174,田玉珍,女,2002-04-25,1.74,西2舍144
02000175,张勇,男,2002-08-13,1.60,东2舍144
02200176,尹雪,女,2001-04-19,1.57,西2舍145
02000177,党荣,男,2001-03-12,1.82,东2舍145
02200178,刘超,女,2001-01-06,1.67,西2舍145
02000179,刘桂芳,男,2001-04-13,1.88,东2舍145
02200180,夏坤,女,2003-04-24,1.53,西2舍146
02000181,宋晶,男,2002-07-12,1.82,东2舍146
02200182,任兵,女,2003-03-06,1.56,西2舍146
02000183,王阳,男,2003-02-23,1.77,东2舍146
02200184,贾杨,女,2002-09-28,1.69,西2舍147
02000185,田秀云,男,2001-06-16,1.88,东2舍147
02200186,郑秀华,女,2001-11-18,1.62,西2舍147
02000187,杨帆,男,2001-08-16,1.78,东2舍147
02200188,潘桂花,女,2003-06-25,1.65,西2舍148
02000189,龙坤,男,2003-11-02,1.86,东2舍148
02200190,王成,女,2003-11-14,1.62,西2舍148
02000191,谢慧,男,2003-10-02,1.83,东2舍148
02200192,郑琴,女,2003-12-29,1.80,西2舍149
02000193,蒋文,男,2001-08-27,1.67,东2舍149
02200194,吴宇,女,2002-07-25,1.52,西2舍149
02000195,李鹏,男,2003-04-08,1.62,东2舍149
02200196,王梅,女,2001-03-24,1.70,西2舍150
02000197,杨健,男,2003-06-12,1.63,东2舍150
02200198,许璐,女,2001-08-06,1.52,西2舍150
02000199,刘秀梅,男,2001-09-01,1.85,东2舍150
02200200,胡彬,女,2001-02-21,1.56,西2舍151
02000201,沈建平,男,2002-01-12,1.71,东2舍151
02200202,邱璐,女,2002-11-28,1.70,西2舍151
02000203,谭旭,男,2003-08-23,1.75,东2舍151
02200204,张荣,女,2001-04-28,1.80,西2舍152
02000205,崔欢,男,2002-01-11,1.73,东2舍152
02200206,尹涛,女,2003-08-31,1.61,西2舍152
02000207,阎坤,男,2001-07-07,1.83,东2舍152
02200208,陈建军,女,2002-01-15,1.74,西2舍153
02000209,刘丽娟,男,2002-11-27,1.65,东2舍153
02200210,唐凤英,女,2003-04-27,1.67,西2舍153
02000211,巫瑞,男,2001-07-16,1.72,东2舍153
02200212,王梅,女,2002-07-06,1.67,西2舍154
02000213,张玲,男,2001-03-06,1.76,东2舍154
02200214,赵兵,女,2001-01-15,1.75,西2舍154
02000215,计玉英,男,2001-04-20,1.63,东2舍154
02200216,许冬梅,女,2002-01-17,1.73,西2舍155
02000217,鞠璐,男,2002-05-18,1.78,东2舍155
02200218,黄畅,女,2001-04-09,1.60,西2舍155
02000219,范秀兰,男,2003-10-09,1.66,东2舍155
02200220,吴雪梅,女,2001-09-26,1.73,西2舍156
02000221,冯玲,男,2003-08-01,1.78,东2舍156
02200222,黄晨,女,2003-11-25,1.52,西2舍156
02000223,张鑫,男,2001-08-22,1.68,东2舍156
02200224,周璐,女,2001-03-08,1.53,西2舍157
02000225,钟坤,男,2002-05-19,1.68,东2舍157
02200226,郭艳,女,2001-09-24,1.77,西2舍157
02000227,李秀荣,男,2002-01-11,1.90,东2舍157
02200228,王磊,女,2002-08-11,1.74,西2舍158
02000229,任飞,男,2002-10-08,1.65,东2舍158
02200230,康婷,女,2001-03-18,1.70,西2舍158
02000231,余峰,男,2001-03-21,1.70,东2舍158
02200232,徐斌,女,2001-09-29,1.80,西2舍159
02000233,张凤兰,男,2002-04-07,1.78,东2舍159
02200234,曾柳,女,2002-05-20,1.80,西2舍159
02000235,马婷婷,男,2002-01-12,1.72,东2舍159
02200236,熊洋,女,2001-04-19,1.57,西2舍160
02000237,张玉梅,男,2002-03-23,1.74,东2舍160
02200238,艾莹,女,2003-05-27,1.71,西2舍160
02000239,罗霞,男,2002-04-18,1.68,东2舍160
02200240,张秀兰,女,2003-01-31,1.57,西2舍161
02000241,徐健,男,2002-09-18,1.82,东2舍161
02200242,管玉英,女,2002-01-10,1.51,西2舍161
02000243,袁玲,男,2001-04-09,1.87,东2舍161
02200244,项红,女,2001-07-08,1.66,西2舍162
02000245,郑俊,男,2002-03-25,1.65,东2舍162
02200246,刘红霞,女,2003-10-15,1.54,西2舍162
02000247,刘欢,男,2001-08-16,1.89,东2舍162
02200248,周秀兰,女,2002-07-22,1.66,西2舍163
02000249,葛雪梅,男,2003-09-24,1.71,东2舍163
02200250,晏玉英,女,2002-03-20,1.62,西2舍163
02000251,李杨,男,2002-02-27,1.67,东2舍163
02200252,曹平,女,2003-04-03,1.59,西2舍164
02000253,李帅,男,2002-10-12,1.62,东2舍164
02200254,兰婷婷,女,2001-10-23,1.54,西2舍164
02000255,沈亮,男,2003-12-27,1.90,东2舍164
02200256,张倩,女,2003-01-28,1.71,西2舍165
02000257,梁丹丹,男,2003-02-06,1.63,东2舍165
02200258,张秀英,女,2003-09-16,1.51,西2舍165
02000259,李平,男,2003-06-11,1.66,东2舍165
02200260,高杰,女,2003-10-21,1.66,西2舍166
02000261,龙秀兰,男,2003-05-04,1.65,东2舍166
02200262,李云,女,2003-06-20,1.53,西2舍166
02000263,伍东,男,2002-03-11,1.87,东2舍166
02200264,苏涛,女,2001-06-29,1.63,西2舍167
02000265,杨洋,男,2001-10-08,1.70,东2舍167
02200266,陆冬梅,女,2001-05-24,1.80,西2舍167
02000267,何颖,男,2003-04-18,1.66,东2舍167
02200268,敖梅,女,2002-09-20,1.70,西2舍168
02000269,金倩,男,2001-09-04,1.78,东2舍168
02200270,刘桂兰,女,2002-05-10,1.69,西2舍168
02000271,吴华,男,2001-10-11,1.72,东2舍168
02200272,张欣,女,2001-07-27,1.61,西2舍169
02000273,王凤兰,男,2003-05-24,1.88,东2舍169
02200274,王琳,女,2001-04-23,1.57,西2舍169
02000275,陈红霞,男,2001-12-17,1.72,东2舍169
02200276,刘颖,女,2001-11-17,1.62,西2舍170
02000277,苗秀荣,男,2001-02-09,1.89,东2舍170
02200278,曾磊,女,2002-05-01,1.65,西2舍170
02000279,王静,男,2003-06-13,1.67,东2舍170
02200280,钟玲,女,2003-10-18,1.76,西2舍171
02000281,陈帅,男,2002-10-01,1.90,东2舍171
02200282,余海燕,女,2002-07-10,1.69,西2舍171
02000283,何林,男,2002-12-15,1.66,东2舍171
02200284,张辉,女,2002-08-22,1.67,西2舍172
02000285,张秀芳,男,2001-03-27,1.76,东2舍172
02200286,欧阳雷,女,2002-04-13,1.76,西2舍172
02000287,班凤兰,男,2001-09-01,1.63,东2舍172
02200288,袁玉兰,女,2003-11-10,1.63,西2舍173
02000289,许晶,男,2002-01-09,1.84,东2舍173
02200290,冶桂花,女,2003-08-01,1.70,西2舍173
02000291,梅倩,男,2002-05-03,1.86,东2舍173
02200292,王琴,女,2001-09-25,1.74,西2舍174
02000293,杨玉梅,男,2003-04-05,1.66,东2舍174
02200294,杨亮,女,2003-11-06,1.55,西2舍174
02000295,王霞,男,2002-08-07,1.62,东2舍174
02200296,夏玉珍,女,2001-05-10,1.63,西2舍175
02000297,廖莉,男,2003-06-18,1.65,东2舍175
02200298,李柳,女,2003-12-27,1.67,西2舍175
02000299,卞霞,男,2001-04-05,1.60,东2舍175
02200300,周佳,女,2003-07-28,1.58,西2舍176
02000301,黄秀荣,男,2002-11-18,1.90,东2舍176
02200302,赵帆,女,2003-03-11,1.58,西2舍176
02000303,赖志强,男,2001-06-26,1.83,东2舍176
02200304,崔洁,女,2003-08-17,1.66,西2舍177
02000305,徐建国,男,2003-02-24,1.81,东2舍177
02200306,朱鹏,女,2001-04-28,1.70,西2舍177
02000307,钟秀芳,男,2001-10-12,1.71,东2舍177
02200308,陈桂荣,女,2001-12-14,1.67,西2舍178
02000309,刘杰,男,2003-10-27,1.79,东2舍178
02200310,黄旭,女,2002-03-19,1.65,西2舍178
02000311,杨莉,男,2001-11-07,1.88,东2舍178
02200312,周燕,女,2002-08-16,1.67,西2舍179
02000313,刘霞,男,2003-01-02,1.86,东2舍179
02200314,石慧,女,2001-03-21,1.68,西2舍179
02000315,雷志强,男,2002-10-23,1.85,东2舍179
02200316,杨明,女,2002-12-22,1.75,西2舍180
02000317,刘桂芝,男,2003-08-08,1.78,东2舍180
02200318,张玉兰,女,2003-07-06,1.71,西2舍180
02000319,盛健,男,2001-04-01,1.89,东2舍180
02200320,阎梅,女,2003-07-21,1.67,西2舍181
02000321,刘璐,男,2002-03-10,1.79,东2舍181
02200322,赵凤英,女,2003-07-10,1.60,西2舍181
02000323,舒鑫,男,2001-04-09,1.65,东2舍181
02200324,吴璐,女,2002-03-21,1.53,西2舍182
02000325,王凤英,男,2002-07-14,1.62,东2舍182
02200326,邹玲,女,2002-09-20,1.79,西2舍182
02000327,邱旭,男,2003-01-21,1.81,东2舍182
02200328,贾璐,女,2001-06-10,1.67,西2舍183
02000329,焦秀珍,男,2001-04-17,1.71,东2舍183
02200330,黄梅,女,2002-12-28,1.71,西2舍183
02000331,丁鹏,男,2002-08-05,1.78,东2舍183
02200332,吴璐,女,2001-06-22,1.57,西2舍184
02000333,梁东,男,2001-09-21,1.73,东2舍184
02200334,张凤兰,女,2002-05-24,1.71,西2舍184
02000335,王桂珍,男,2002-11-15,1.63,东2舍184
02200336,贺桂珍,女,2001-04-10,1.71,西2舍185
02000337,胡玉兰,男,2001-10-30,1.61,东2舍185
02200338,薛晶,女,2001-01-11,1.66,西2舍185
02000339,陆帆,男,2003-09-28,1.74,东2舍185
02200340,李欢,女,2001-05-14,1.56,西2舍186
02000341,黄霞,男,2002-06-04,1.82,东2舍186
02200342,刘涛,女,2003-11-06,1.52,西2舍186
02000343,刘晶,男,2003-08-05,1.65,东2舍186
02200344,梁金凤,女,2003-10-11,1.65,西2舍187
02000345,余伟,男,2003-10-02,1.84,东2舍187
02200346,赵亮,女,2003-10-21,1.73,西2舍187
02000347,夏杰,男,2003-09-02,1.62,东2舍187
02200348,涂浩,女,2001-07-20,1.73,西2舍188
02000349,吴兵,男,2001-10-26,1.64,东2舍188
02200350,邓玉梅,女,2001-05-10,1.58,西2舍188
02000351,宋建军,男,2001-12-02,1.62,东2舍188
02200352,高涛,女,2002-05-22,1.59,西2舍189
02000353,李建华,男,2001-03-28,1.83,东2舍189
02200354,张玉珍,女,2001-06-04,1.67,西2舍189
02000355,赵洋,男,2002-10-25,1.62,东2舍189
02200356,张平,女,2002-07-03,1.73,西2舍190
02000357,刘健,男,2002-11-14,1.80,东2舍190
02200358,李海燕,女,2002-09-12,1.70,西2舍190
02000359,王秀芳,男,2003-06-23,1.76,东2舍190
02200360,李畅,女,2003-06-10,1.79,西2舍191
02000361,王颖,男,2002-08-03,1.88,东2舍191
02200362,宋桂兰,女,2001-05-01,1.54,西2舍191
02000363,程淑兰,男,2003-07-09,1.67,东2舍191
02200364,周玲,女,2001-11-28,1.61,西2舍192
02000365,刘瑜,男,2003-07-07,1.71,东2舍192
02200366,盘峰,女,2001-02-21,1.75,西2舍192
02000367,陈洋,男,2002-04-15,1.87,东2舍192
02200368,李桂芳,女,2003-07-13,1.77,西2舍193
02000369,廖秀云,男,2001-01-30,1.68,东2舍193
02200370,何红,女,2002-01-26,1.65,西2舍193
02000371,金华,男,2002-02-12,1.74,东2舍193
02200372,李宁,女,2001-03-23,1.69,西2舍194
02000373,刘琴,男,2003-08-18,1.73,东2舍194
02200374,田玉珍,女,2001-03-30,1.73,西2舍194
02000375,郑艳,男,2001-07-22,1.63,东2舍194
02200376,张桂芳,女,2001-07-11,1.53,西2舍195
02000377,阳阳,男,2002-11-09,1.71,东2舍195
02200378,胡平,女,2001-10-18,1.74,西2舍195
02000379,谢柳,男,2002-02-15,1.63,东2舍195
02200380,周秀英,女,2002-02-05,1.71,西2舍196
02000381,胡萍,男,2001-02-18,1.72,东2舍196
02200382,樊淑华,女,2002-11-25,1.65,西2舍196
02000383,廖荣,男,2001-11-04,1.89,东2舍196
02200384,张璐,女,2003-12-22,1.53,西2舍197
02000385,陈坤,男,2002-05-19,1.88,东2舍197
02200386,张瑞,女,2002-03-30,1.50,西2舍197
02000387,张桂芝,男,2001-02-05,1.80,东2舍197
02200388,周雷,女,2001-12-02,1.62,西2舍198
02000389,高亮,男,2003-05-22,1.75,东2舍198
02200390,姚春梅,女,2003-10-16,1.62,西2舍198
02000391,李丹,男,2002-01-12,1.74,东2舍198
02200392,孙玉珍,女,2002-12-16,1.67,西2舍199
02000393,刘洋,男,2003-05-20,1.72,东2舍199
02200394,魏建华,女,2001-09-22,1.61,西2舍199
02000395,杨倩,男,2002-01-24,1.81,东2舍199
02200396,刘勇,女,2001-02-02,1.75,西2舍200
02000397,孙建华,男,2002-09-28,1.71,东2舍200
02200398,梅建军,女,2002-04-30,1.67,西2舍200
02000399,刘敏,男,2003-07-31,1.62,东2舍200
02200400,吉建平,女,2002-05-31,1.50,西2舍201
02000401,萧燕,男,2001-11-22,1.87,东2舍201
02200402,吴桂珍,女,2001-01-30,1.68,西2舍201
02000403,张波,男,2003-04-01,1.66,东2舍201
02200404,刘勇,女,2002-09-05,1.73,西2舍202
02000405,姜丹丹,男,2001-09-27,1.64,东2舍202
02200406,赵波,女,2001-02-05,1.67,西2舍202
02000407,周欢,男,2002-11-19,1.83,东2舍202
02200408,许婷婷,女,2001-01-11,1.69,西2舍203
02000409,石敏,男,2002-01-04,1.67,东2舍203
02200410,李桂珍,女,2001-09-20,1.63,西2舍203
02000411,兰志强,男,2003-04-26,1.84,东2舍203
02200412,刘洁,女,2003-07-10,1.77,西2舍204
02000413,胡梅,男,2003-10-23,1.65,东2舍204
02200414,李涛,女,2003-03-18,1.69,西2舍204
02000415,韩淑兰,男,2002-06-08,1.86,东2舍204
02200416,邹波,女,2003-01-28,1.58,西2舍205
02000417,吕辉,男,2002-10-30,1.62,东2舍205
02200418,白海燕,女,2003-11-29,1.69,西2舍205
02000419,余强,男,2001-02-10,1.83,东2舍205
02200420,陈建华,女,2001-08-15,1.56,西2舍206
02000421,贺雪,男,2002-05-13,1.71,东2舍206
02200422,杨桂兰,女,2003-06-08,1.67,西2舍206
02000423,张淑珍,男,2001-01-21,1.79,东2舍206
02200424,张超,女,2001-08-01,1.62,西2舍207
02000425,李佳,男,2001-06-10,1.86,东2舍207
02200426,王林,女,2001-07-24,1.77,西2舍207
02000427,李婷婷,男,2003-06-17,1.88,东2舍207
02200428,钟璐,女,2002-04-04,1.71,西2舍208
02000429,李琴,男,2001-09-11,1.74,东2舍208
02200430,谢桂珍,女,2001-12-05,1.51,西2舍208
02000431,张东,男,2002-08-27,1.60,东2舍208
02200432,张帆,女,2002-12-21,1.53,西2舍209
02000433,张瑜,男,2001-07-20,1.68,东2舍209
02200434,李丽,女,2002-11-24,1.63,西2舍209
02000435,黄利,男,2003-09-17,1.80,东2舍209
02200436,耿亮,女,2002-03-13,1.79,西2舍210
02000437,杨雪,男,2001-09-19,1.68,东2舍210
02200438,邱利,女,2001-02-13,1.62,西2舍210
02000439,彭丽丽,男,2001-04-18,1.62,东2舍210
02200440,李丽,女,2001-04-27,1.76,西2舍211
02000441,黄明,男,2002-08-27,1.76,东2舍211
02200442,邓丽娟,女,2001-12-01,1.68,西2舍211
02000443,张婷婷,男,2003-10-22,1.68,东2舍211
02200444,石雪,女,2002-06-18,1.51,西2舍212
02000445,谭金凤,男,2001-11-22,1.65,东2舍212
02200446,李桂花,女,2002-04-24,1.51,西2舍212
02000447,王秀云,男,2001-03-12,1.89,东2舍212
02200448,曾坤,女,2001-11-30,1.79,西2舍213
02000449,马畅,男,2003-07-21,1.85,东2舍213
02200450,吴荣,女,2001-05-16,1.70,西2舍213
02000451,宁萍,男,2003-10-21,1.74,东2舍213
02200452,李建华,女,2001-04-05,1.78,西2舍214
02000453,覃雪梅,男,2001-01-12,1.82,东2舍214
02200454,吴玉珍,女,2001-03-18,1.79,西2舍214
02000455,潘涛,男,2001-12-28,1.90,东2舍214
02200456,李波,女,2003-08-03,1.67,西2舍215
02000457,王霞,男,2003-03-27,1.86,东2舍215
02200458,陈文,女,2002-08-06,1.79,西2舍215
02000459,裴淑兰,男,2001-01-18,1.86,东2舍215
02200460,江坤,女,2002-08-08,1.56,西2舍216
02000461,赵红,男,2002-03-24,1.79,东2舍216
02200462,杨华,女,2002-08-13,1.56,西2舍216
02000463,杨岩,男,2002-06-12,1.67,东2舍216
02200464,陈琴,女,2001-04-25,1.53,西2舍217
02000465,关颖,男,2001-08-09,1.84,东2舍217
02200466,陈坤,女,2001-08-23,1.64,西2舍217
02000467,罗颖,男,2002-11-22,1.69,东2舍217
02200468,顾文,女,2003-12-28,1.75,西2舍218
02000469,刘辉,男,2003-06-27,1.69,东2舍218
02200470,王超,女,2003-03-04,1.72,西2舍218
02000471,宋旭,男,2001-05-27,1.66,东2舍218
02200472,万英,女,2001-09-09,1.58,西2舍219
02000473,李丹丹,男,2002-04-21,1.65,东2舍219
02200474,黄瑞,女,2001-09-05,1.54,西2舍219
02000475,李英,男,2001-12-12,1.67,东2舍219
02200476,夏利,女,2003-08-14,1.53,西2舍220
02000477,吴小红,男,2001-11-15,1.64,东2舍220
02200478,韦慧,女,2001-03-26,1.74,西2舍220
02000479,马坤,男,2003-07-02,1.89,东2舍220
02200480,周宁,女,2002-08-17,1.60,西2舍221
02000481,张萍,男,2003-07-30,1.71,东2舍221
02200482,杨博,女,2001-06-05,1.78,西2舍221
02000483,陈静,男,2002-02-10,1.62,东2舍221
02200484,尤凯,女,2002-04-17,1.54,西2舍222
02000485,李凯,男,2003-09-01,1.85,东2舍222
02200486,杜红,女,2001-05-01,1.51,西2舍222
02000487,梅建,男,2001-10-21,1.84,东2舍222
02200488,郑勇,女,2002-09-04,1.70,西2舍223
02000489,刘健,男,2002-04-21,1.85,东2舍223
02200490,曾雷,女,2002-07-27,1.75,西2舍223
02000491,党桂香,男,2003-10-17,1.60,东2舍223
02200492,刁欢,女,2002-01-10,1.77,西2舍224
02000493,唐兵,男,2001-02-10,1.65,东2舍224
02200494,郭秀荣,女,2003-05-09,1.78,西2舍224
02000495,龚桂兰,男,2002-09-12,1.86,东2舍224
02200496,文龙,女,2001-01-17,1.63,西2舍225
02000497,杨丹丹,男,2001-11-14,1.64,东2舍225
02200498,何淑英,女,2003-11-20,1.72,西2舍225
02000499,张建,男,2003-04-03,1.61,东2舍225
02200500,陈建军,女,2002-09-08,1.78,西3舍226
02000501,邰平,男,2001-01-06,1.74,东3舍226
02200502,邵瑜,女,2002-10-04,1.76,西3舍226
02000503,张璐,男,2001-04-11,1.60,东3舍226
02200504,张莹,女,2002-03-13,1.57,西3舍227
02000505,曾帆,男,2002-05-13,1.68,东3舍227
02200506,金健,女,2001-01-06,1.74,西3舍227
02000507,李彬,男,2001-08-28,1.83,东3舍227
02200508,许琴,女,2003-04-22,1.66,西3舍228
02000509,赵博,男,2002-09-09,1.65,东3舍228
02200510,侯娜,女,2003-10-15,1.68,西3舍228
02000511,罗荣,男,2002-10-01,1.60,东3舍228
02200512,白斌,女,2002-10-15,1.74,西3舍229
02000513,谭杨,男,2003-01-19,1.71,东3舍229
02200514,夏帆,女,2002-10-27,1.72,西3舍229
02000515,黄敏,男,2003-09-07,1.68,东3舍229
02200516,高利,女,2003-12-26,1.52,西3舍230
02000517,朱瑞,男,2001-06-30,1.64,东3舍230
02200518,张军,女,2001-03-20,1.54,西3舍230
02000519,王华,男,2002-06-07,1.84,东3舍230
02200520,李浩,女,2002-06-12,1.61,西3舍231
02000521,胡霞,男,2001-10-16,1.70,东3舍231
02200522,刘辉,女,2002-09-21,1.73,西3舍231
02000523,李桂花,男,2002-01-08,1.75,东3舍231
02200524,郑建国,女,2001-09-10,1.55,西3舍232
02000525,韩红,男,2003-02-10,1.61,东3舍232
02200526,郭桂荣,女,2003-08-22,1.68,西3舍232
02000527,胡秀华,男,2003-06-09,1.86,东3舍232
02200528,苟婷婷,女,2002-08-28,1.77,西3舍233
02000529,王慧,男,2003-07-28,1.61,东3舍233
02200530,黎勇,女,2002-04-13,1.53,西3舍233
02000531,杨桂花,男,2001-04-26,1.62,东3舍233
02200532,方峰,女,2002-05-30,1.55,西3舍234
02000533,欧超,男,2001-08-13,1.82,东3舍234
02200534,何军,女,2003-11-19,1.57,西3舍234
02000535,文英,男,2001-04-02,1.60,东3舍234
02200536,张帆,女,2003-09-22,1.58,西3舍235
02000537,李桂芳,男,2002-04-14,1.77,东3舍235
02200538,柳海燕,女,2002-06-22,1.75,西3舍235
02000539,赵瑞,男,2001-08-25,1.62,东3舍235
02200540,范颖,女,2002-08-27,1.51,西3舍236
02000541,丁辉,男,2001-08-23,1.80,东3舍236
02200542,孙丽丽,女,2001-02-26,1.56,西3舍236
02000543,欧阳淑珍,男,2001-05-26,1.61,东3舍236
02200544,罗桂英,女,2003-06-29,1.56,西3舍237
02000545,夏婷,男,2003-06-15,1.87,东3舍237
02200546,路阳,女,2003-09-27,1.67,西3舍237
02000547,陈健,男,2001-06-18,1.90,东3舍237
02200548,郑飞,女,2003-06-29,1.50,西3舍238
02000549,刘强,男,2003-04-20,1.86,东3舍238
02200550,张健,女,2003-08-24,1.57,西3舍238
02000551,张静,男,2001-02-06,1.75,东3舍238
02200552,覃岩,女,2002-06-29,1.62,西3舍239
02000553,任丽娟,男,2002-05-04,1.64,东3舍239
02200554,谭岩,女,2002-02-22,1.60,西3舍239
02000555,杨伟,男,2003-04-11,1.90,东3舍239
02200556,王华,女,2003-04-26,1.66,西3舍240
02000557,邵静,男,2003-07-08,1.88,东3舍240
02200558,吕慧,女,2003-11-13,1.60,西3舍240
02000559,白建,男,2001-08-16,1.79,东3舍240
02200560,李文,女,2001-02-15,1.67,西3舍241
02000561,刘桂香,男,2001-11-25,1.76,东3舍241
02200562,吴鑫,女,2002-05-29,1.58,西3舍241
02000563,谢秀芳,男,2003-05-13,1.68,东3舍241
02200564,张柳,女,2001-07-14,1.70,西3舍242
02000565,谢波,男,2001-06-21,1.79,东3舍242
02200566,王华,女,2003-06-09,1.69,西3舍242
02000567,罗建华,男,2001-01-26,1.72,东3舍242
02200568,辛霞,女,2002-04-19,1.54,西3舍243
02000569,李秀珍,男,2001-04-02,1.78,东3舍243
02200570,曹博,女,2003-04-07,1.67,西3舍243
02000571,姚莉,男,2002-04-12,1.73,东3舍243
02200572,任辉,女,2001-08-31,1.60,西3舍244
02000573,董飞,男,2002-08-28,1.77,东3舍244
02200574,曹娟,女,2003-01-31,1.76,西3舍244
02000575,王亮,男,2003-09-27,1.87,东3舍244
02200576,周淑英,女,2001-01-27,1.65,西3舍245
02000577,范桂芳,男,2001-06-17,1.64,东3舍245
02200578,吴秀华,女,2001-11-17,1.77,西3舍245
02000579,庄玉兰,男,2002-03-09,1.86,东3舍245
02200580,巩强,女,2002-11-03,1.80,西3舍246
02000581,孔丽华,男,2002-04-22,1.88,东3舍246
02200582,游欢,女,2001-05-08,1.55,西3舍246
02000583,耿鑫,男,2003-02-27,1.60,东3舍246
02200584,王兰英,女,2002-04-14,1.53,西3舍247
02000585,蒋晨,男,2003-07-25,1.62,东3舍247
02200586,张海燕,女,2003-04-14,1.67,西3舍247
02000587,张燕,男,2002-09-15,1.90,东3舍247
02200588,章琴,女,2001-03-08,1.55,西3舍248
02000589,宁佳,男,2002-12-19,1.62,东3舍248
02200590,杜洋,女,2003-10-12,1.59,西3舍248
02000591,徐秀云,男,2003-01-28,1.78,东3舍248
02200592,胡洋,女,2002-03-09,1.75,西3舍249
02000593,萧健,男,2002-11-17,1.79,东3舍249
02200594,傅丹,女,2002-11-29,1.75,西3舍249
02000595,丁雷,男,2002-03-31,1.85,东3舍249
02200596,张亮,女,2001-09-10,1.72,西3舍250
02000597,蒲淑华,男,2003-10-14,1.83,东3舍250
02200598,曹建,女,2001-12-06,1.68,西3舍250
02000599,任丽,男,2001-07-09,1.63,东3舍250
02200600,陈志强,女,2002-10-15,1.61,西3舍251
02000601,张小红,男,2001-06-26,1.89,东3舍251
02200602,宋林,女,2003-12-10,1.73,西3舍251
02000603,李婷婷,男,2003-04-17,1.89,东3舍251
02200604,蔡云,女,2001-01-18,1.63,西3舍252
02000605,阎婷,男,2002-07-22,1.90,东3舍252
02200606,刘秀英,女,2001-04-28,1.66,西3舍252
02000607,魏春梅,男,2002-01-05,1.76,东3舍252
02200608,侯欣,女,2003-01-30,1.50,西3舍253
02000609,曾桂珍,男,2001-06-26,1.73,东3舍253
02200610,韦东,女,2003-04-03,1.65,西3舍253
02000611,黄洋,男,2003-03-13,1.69,东3舍253
02200612,李云,女,2001-08-03,1.59,西3舍254
02000613,孙琴,男,2001-01-25,1.76,东3舍254
02200614,鲍岩,女,2001-09-17,1.71,西3舍254
02000615,马晨,男,2003-07-31,1.68,东3舍254
02200616,祁淑英,女,2001-10-27,1.73,西3舍255
02000617,王东,男,2002-08-02,1.80,东3舍255
02200618,侯旭,女,2003-04-01,1.66,西3舍255
02000619,杨霞,男,2002-05-23,1.63,东3舍255
02200620,张红,女,2003-01-05,1.66,西3舍256
02000621,庞玲,男,2002-10-10,1.76,东3舍256
02200622,周洁,女,2002-04-10,1.75,西3舍256
02000623,戴华,男,2003-12-20,1.87,东3舍256
02200624,阿小红,女,2001-12-24,1.59,西3舍257
02000625,臧琴,男,2002-09-18,1.72,东3舍257
02200626,秦丹丹,女,2003-08-02,1.58,西3舍257
02000627,郭玉梅,男,2002-04-03,1.77,东3舍257
02200628,周建国,女,2003-06-04,1.56,西3舍258
02000629,沈俊,男,2001-12-19,1.67,东3舍258
02200630,孙娟,女,2003-03-16,1.72,西3舍258
02000631,张云,男,2003-10-27,1.75,东3舍258
02200632,萧春梅,女,2003-04-25,1.68,西3舍259
02000633,池桂珍,男,2002-10-01,1.67,东3舍259
02200634,黄旭,女,2002-11-13,1.71,西3舍259
02000635,王想,男,2003-08-18,1.81,东3舍259
02200636,孙亮,女,2001-06-18,1.68,西3舍260
02000637,包健,男,2003-11-18,1.67,东3舍260
02200638,唐东,女,2003-05-05,1.59,西3舍260
02000639,李海燕,男,2003-03-07,1.65,东3舍260
02200640,胡成,女,2002-05-26,1.76,西3舍261
02000641,逯凤兰,男,2003-04-05,1.62,东3舍261
02200642,刘桂芝,女,2001-04-04,1.61,西3舍261
02000643,全桂珍,男,2002-08-21,1.73,东3舍261
02200644,廖秀云,女,2003-05-06,1.54,西3舍262
02000645,鞠洁,男,2003-11-06,1.61,东3舍262
02200646,金楠,女,2001-10-31,1.53,西3舍262
02000647,方阳,男,2003-10-11,1.76,东3舍262
02200648,张辉,女,2002-04-07,1.70,西3舍263
02000649,曹英,男,2002-07-29,1.85,东3舍263
02200650,熊建国,女,2003-11-25,1.54,西3舍263
02000651,罗瑜,男,2003-04-30,1.63,东3舍263
02200652,李瑜,女,2003-08-16,1.76,西3舍264
02000653,安龙,男,2003-06-07,1.74,东3舍264
02200654,刘辉,女,2002-07-14,1.58,西3舍264
02000655,冯超,男,2002-03-03,1.73,东3舍264
02200656,蒋淑兰,女,2001-10-04,1.80,西3舍265
02000657,姚梅,男,2001-11-29,1.84,东3舍265
02200658,汪淑华,女,2002-09-15,1.63,西3舍265
02000659,黄莉,男,2003-04-23,1.62,东3舍265
02200660,鞠丽华,女,2001-03-11,1.65,西3舍266
02000661,曹宁,男,2001-08-11,1.84,东3舍266
02200662,张晶,女,2001-02-28,1.67,西3舍266
02000663,周玉英,男,2002-08-19,1.68,东3舍266
02200664,萧洁,女,2002-04-07,1.77,西3舍267
02000665,刘兰英,男,2001-07-11,1.63,东3舍267
02200666,孔刚,女,2002-01-30,1.68,西3舍267
02000667,叶金凤,男,2002-06-18,1.67,东3舍267
02200668,鞠杰,女,2003-06-01,1.62,西3舍268
02000669,邵琳,男,2001-03-24,1.65,东3舍268
02200670,何坤,女,2003-06-12,1.60,西3舍268
02000671,许丽娟,男,2003-06-03,1.76,东3舍268
02200672,师凤英,女,2001-04-12,1.58,西3舍269
02000673,戴华,男,2002-01-26,1.85,东3舍269
02200674,张秀芳,女,2001-06-20,1.79,西3舍269
02000675,廖丹丹,男,2002-03-01,1.90,东3舍269
02200676,黄晶,女,2002-02-15,1.59,西3舍270
02000677,梁红,男,2003-03-21,1.79,东3舍270
02200678,焦丹丹,女,2001-04-30,1.65,西3舍270
02000679,李建国,男,2001-02-11,1.64,东3舍270
02200680,黄慧,女,2001-02-17,1.69,西3舍271
02000681,郭冬梅,男,2002-11-17,1.73,东3舍271
02200682,苏彬,女,2002-09-12,1.65,西3舍271
02000683,曹颖,男,2001-11-09,1.65,东3舍271
02200684,伍阳,女,2003-03-06,1.68,西3舍272
02000685,王刚,男,2003-02-15,1.90,东3舍272
02200686,张玉,女,2003-10-15,1.52,西3舍272
02000687,刘梅,男,2001-05-15,1.75,东3舍272
02200688,余婷婷,女,2002-06-21,1.71,西3舍273
02000689,魏红霞,男,2002-02-05,1.88,东3舍273
02200690,马金凤,女,2001-05-03,1.58,西3舍273
02000691,王婷婷,男,2003-09-19,1.71,东3舍273
02200692,杨静,女,2001-05-08,1.55,西3舍274
02000693,马秀荣,男,2003-03-15,1.79,东3舍274
02200694,王帆,女,2003-01-26,1.77,西3舍274
02000695,张鹏,男,2001-07-27,1.90,东3舍274
02200696,蒲杨,女,2001-07-18,1.65,西3舍275
02000697,董亮,男,2002-11-01,1.70,东3舍275
02200698,林冬梅,女,2002-05-04,1.79,西3舍275
02000699,李秀云,男,2001-02-21,1.86,东3舍275
02200700,浦春梅,女,2002-09-14,1.69,西3舍276
02000701,茹雪梅,男,2003-05-03,1.70,东3舍276
02200702,李娟,女,2003-11-23,1.54,西3舍276
02000703,张红梅,男,2002-07-31,1.67,东3舍276
02200704,毛海燕,女,2003-10-30,1.73,西3舍277
02000705,王萍,男,2002-04-19,1.74,东3舍277
02200706,李雪,女,2003-02-01,1.80,西3舍277
02000707,陈英,男,2001-03-08,1.75,东3舍277
02200708,张淑兰,女,2003-04-28,1.80,西3舍278
02000709,王飞,男,2002-11-26,1.64,东3舍278
02200710,孙燕,女,2003-09-04,1.75,西3舍278
02000711,修秀珍,男,2001-09-08,1.61,东3舍278
02200712,马桂花,女,2001-05-19,1.62,西3舍279
02000713,吕建华,男,2003-07-13,1.73,东3舍279
02200714,蔡杨,女,2002-07-01,1.63,西3舍279
02000715,张琴,男,2002-05-01,1.89,东3舍279
02200716,缪明,女,2003-03-05,1.69,西3舍280
02000717,古璐,男,2002-04-29,1.76,东3舍280
02200718,张亮,女,2003-11-15,1.61,西3舍280
02000719,覃云,男,2001-04-05,1.90,东3舍280
02200720,钟雪梅,女,2002-11-18,1.78,西3舍281
02000721,闵雪梅,男,2001-07-05,1.67,东3舍281
02200722,潘琳,女,2002-03-20,1.52,西3舍281
02000723,江秀兰,男,2002-04-09,1.75,东3舍281
02200724,赵荣,女,2002-12-02,1.75,西3舍282
02000725,王明,男,2003-05-28,1.61,东3舍282
02200726,吕慧,女,2002-01-05,1.56,西3舍282
02000727,王坤,男,2003-09-29,1.73,东3舍282
02200728,王阳,女,2002-12-20,1.72,西3舍283
02000729,刘淑华,男,2002-02-19,1.62,东3舍283
02200730,周芳,女,2002-01-30,1.68,西3舍283
02000731,张敏,男,2002-02-21,1.86,东3舍283
02200732,陈玉英,女,2001-02-07,1.75,西3舍284
02000733,易玉英,男,2002-10-18,1.87,东3舍284
02200734,程辉,女,2002-12-16,1.74,西3舍284
02000735,吴金凤,男,2002-10-12,1.76,东3舍284
02200736,芦欣,女,2002-05-10,1.65,西3舍285
02000737,周琳,男,2003-09-15,1.70,东3舍285
02200738,彭璐,女,2003-01-28,1.72,西3舍285
02000739,黄慧,男,2002-05-08,1.83,东3舍285
02200740,甘莹,女,2003-04-29,1.63,西3舍286
02000741,罗凤英,男,2002-11-09,1.67,东3舍286
02200742,萧帆,女,2003-08-26,1.54,西3舍286
02000743,陆东,男,2002-02-16,1.63,东3舍286
02200744,杜玲,女,2003-01-07,1.50,西3舍287
02000745,杨成,男,2002-11-18,1.70,东3舍287
02200746,梁秀云,女,2002-01-07,1.62,西3舍287
02000747,王丽丽,男,2002-08-01,1.89,东3舍287
02200748,周红霞,女,2003-07-23,1.78,西3舍288
02000749,李晶,男,2003-10-01,1.79,东3舍288
02200750,陈秀云,女,2003-03-24,1.51,西3舍288
02000751,刘桂荣,男,2002-10-07,1.70,东3舍288
02200752,盛梅,女,2003-10-09,1.52,西3舍289
02000753,吴桂英,男,2003-04-30,1.79,东3舍289
02200754,陈荣,女,2002-05-14,1.53,西3舍289
02000755,韦丹丹,男,2003-09-09,1.61,东3舍289
02200756,阎健,女,2002-07-02,1.64,西3舍290
02000757,王金凤,男,2001-03-25,1.86,东3舍290
02200758,吴梅,女,2003-09-08,1.50,西3舍290
02000759,朱秀梅,男,2003-06-11,1.77,东3舍290
02200760,张玉华,女,2002-08-16,1.73,西3舍291
02000761,张桂花,男,2002-05-28,1.84,东3舍291
02200762,张秀英,女,2002-09-26,1.51,西3舍291
02000763,高英,男,2002-07-10,1.64,东3舍291
02200764,韩军,女,2001-05-02,1.66,西3舍292
02000765,张秀芳,男,2003-02-22,1.70,东3舍292
02200766,李辉,女,2002-05-02,1.74,西3舍292
02000767,郭桂英,男,2002-01-17,1.62,东3舍292
02200768,宋雪,女,2002-04-07,1.78,西3舍293
02000769,林宇,男,2002-12-23,1.84,东3舍293
02200770,林帅,女,2001-05-13,1.63,西3舍293
02000771,蔡娜,男,2003-08-20,1.73,东3舍293
02200772,李明,女,2003-12-25,1.56,西3舍294
02000773,李秀梅,男,2003-01-18,1.71,东3舍294
02200774,张斌,女,2001-03-19,1.76,西3舍294
02000775,廖淑华,男,2001-06-10,1.63,东3舍294
02200776,秦敏,女,2003-03-27,1.52,西3舍295
02000777,杨帅,男,2001-03-19,1.81,东3舍295
02200778,李玲,女,2003-12-18,1.54,西3舍295
02000779,刘桂荣,男,2003-12-11,1.85,东3舍295
02200780,林雪,女,2003-01-26,1.60,西3舍296
02000781,张岩,男,2001-02-17,1.74,东3舍296
02200782,李刚,女,2001-05-30,1.78,西3舍296
02000783,张晶,男,2003-06-13,1.76,东3舍296
02200784,娄玉华,女,2003-09-24,1.53,西3舍297
02000785,李洋,男,2003-02-08,1.71,东3舍297
02200786,覃秀梅,女,2001-01-13,1.60,西3舍297
02000787,吕洋,男,2003-11-16,1.79,东3舍297
02200788,马平,女,2001-07-23,1.57,西3舍298
02000789,衣鹏,男,2001-08-17,1.74,东3舍298
02200790,张辉,女,2003-04-18,1.73,西3舍298
02000791,徐飞,男,2002-06-02,1.65,东3舍298
02200792,吉婷,女,2003-01-10,1.66,西3舍299
02000793,张浩,男,2001-02-12,1.69,东3舍299
02200794,徐东,女,2002-07-11,1.64,西3舍299
02000795,朱林,男,2001-08-26,1.72,东3舍299
02200796,王慧,女,2002-10-06,1.62,西3舍300
02000797,庞秀梅,男,2002-11-16,1.73,东3舍300
02200798,孙秀珍,女,2001-11-06,1.72,西3舍300
02000799,张建,男,2003-12-17,1.87,东3舍300
02200800,张鹏,女,2003-09-26,1.67,西3舍301
02000801,潘梅,男,2001-11-07,1.67,东3舍301
02200802,陈峰,女,2003-12-15,1.71,西3舍301
02000803,曾小红,男,2001-05-30,1.73,东3舍301
02200804,杨楠,女,2002-09-03,1.65,西3舍302
02000805,郑超,男,2002-07-21,1.61,东3舍302
02200806,梁兰英,女,2001-06-17,1.75,西3舍302
02000807,江桂荣,男,2002-07-22,1.62,东3舍302
02200808,毛辉,女,2001-06-11,1.80,西3舍303
02000809,郝凯,男,2001-09-03,1.65,东3舍303
02200810,李岩,女,2002-04-22,1.51,西3舍303
02000811,李亮,男,2003-02-27,1.83,东3舍303
02200812,高秀芳,女,2003-06-02,1.54,西3舍304
02000813,庄亮,男,2002-02-10,1.85,东3舍304
02200814,雷瑜,女,2003-03-11,1.79,西3舍304
02000815,任波,男,2002-11-15,1.73,东3舍304
02200816,刘华,女,2002-12-09,1.72,西3舍305
02000817,刘玉华,男,2002-10-23,1.75,东3舍305
02200818,李慧,女,2002-07-20,1.71,西3舍305
02000819,张浩,男,2001-10-31,1.90,东3舍305
02200820,董阳,女,2001-02-05,1.75,西3舍306
02000821,刘洁,男,2001-08-05,1.60,东3舍306
02200822,贺波,女,2003-09-21,1.75,西3舍306
02000823,邵秀珍,男,2001-03-18,1.61,东3舍306
02200824,许婷,女,2001-11-23,1.50,西3舍307
02000825,蔡健,男,2003-05-10,1.80,东3舍307
02200826,董英,女,2003-12-11,1.68,西3舍307
02000827,杨岩,男,2002-09-30,1.89,东3舍307
02200828,贾想,女,2002-06-09,1.69,西3舍308
02000829,徐畅,男,2001-05-23,1.66,东3舍308
02200830,魏秀珍,女,2001-06-20,1.52,西3舍308
02000831,刘玲,男,2002-08-09,1.88,东3舍308
02200832,董娜,女,2002-10-16,1.61,西3舍309
02000833,王娟,男,2001-07-03,1.87,东3舍309
02200834,江杨,女,2001-09-15,1.71,西3舍309
02000835,李龙,男,2003-05-19,1.71,东3舍309
02200836,李梅,女,2001-09-08,1.57,西3舍310
02000837,王玉,男,2003-01-24,1.89,东3舍310
02200838,李瑞,女,2003-02-10,1.77,西3舍310
02000839,张建华,男,2002-03-08,1.80,东3舍310
02200840,任超,女,2002-10-10,1.65,西3舍311
02000841,张宇,男,2001-01-21,1.82,东3舍311
02200842,岳志强,女,2002-02-07,1.71,西3舍311
02000843,杨楠,男,2001-06-28,1.90,东3舍311
02200844,马冬梅,女,2003-06-18,1.71,西3舍312
02000845,喻敏,男,2003-11-23,1.82,东3舍312
02200846,王静,女,2002-11-22,1.56,西3舍312
02000847,赵莹,男,2001-04-06,1.70,东3舍312
02200848,陈丹,女,2001-06-29,1.58,西3舍313
02000849,曾秀兰,男,2002-09-25,1.80,东3舍313
02200850,任佳,女,2001-07-08,1.66,西3舍313
02000851,许秀珍,男,2001-07-04,1.65,东3舍313
02200852,张亮,女,2002-06-06,1.54,西3舍314
02000853,容文,男,2001-09-03,1.68,东3舍314
02200854,陈莉,女,2003-10-26,1.68,西3舍314
02000855,杨楠,男,2003-07-04,1.65,东3舍314
02200856,李小红,女,2002-11-04,1.57,西3舍315
02000857,邓桂香,男,2001-09-13,1.88,东3舍315
02200858,李涛,女,2003-08-12,1.75,西3舍315
02000859,马秀珍,男,2003-09-04,1.81,东3舍315
02200860,胡丽丽,女,2001-07-11,1.71,西3舍316
02000861,李建华,男,2003-02-03,1.82,东3舍316
02200862,张雪,女,2002-03-18,1.73,西3舍316
02000863,黄志强,男,2003-08-31,1.84,东3舍316
02200864,杜秀云,女,2001-04-27,1.65,西3舍317
02000865,朱娟,男,2003-09-18,1.82,东3舍317
02200866,陈莹,女,2002-09-03,1.63,西3舍317
02000867,王萍,男,2002-04-08,1.79,东3舍317
02200868,张宇,女,2001-12-01,1.56,西3舍318
02000869,农玉,男,2003-10-31,1.83,东3舍318
02200870,刘军,女,2003-05-18,1.62,西3舍318
02000871,刘玲,男,2002-09-19,1.88,东3舍318
02200872,佟丽娟,女,2001-12-02,1.77,西3舍319
02000873,曾静,男,2003-07-13,1.64,东3舍319
02200874,张军,女,2003-08-18,1.55,西3舍319
02000875,刘晶,男,2002-10-31,1.71,东3舍319
02200876,杨宇,女,2003-08-18,1.78,西3舍320
02000877,王鹏,男,2001-12-27,1.83,东3舍320
02200878,陈磊,女,2002-11-19,1.64,西3舍320
02000879,谢龙,男,2002-05-14,1.73,东3舍320
02200880,蒋云,女,2001-03-25,1.64,西3舍321
02000881,王浩,男,2002-03-07,1.89,东3舍321
02200882,杨雷,女,2002-07-21,1.63,西3舍321
02000883,顾莹,男,2003-07-08,1.72,东3舍321
02200884,樊鹏,女,2003-08-10,1.53,西3舍322
02000885,李敏,男,2002-10-21,1.75,东3舍322
02200886,曹丽,女,2001-08-19,1.68,西3舍322
02000887,周秀云,男,2002-04-04,1.80,东3舍322
02200888,陈柳,女,2003-12-28,1.70,西3舍323
02000889,陈凤英,男,2001-07-31,1.76,东3舍323
02200890,张畅,女,2003-08-28,1.72,西3舍323
02000891,杨丽华,男,2003-02-12,1.82,东3舍323
02200892,陈东,女,2001-05-25,1.72,西3舍324
02000893,雷想,男,2003-02-13,1.72,东3舍324
02200894,陈佳,女,2001-08-15,1.64,西3舍324
02000895,杨伟,男,2001-07-05,1.88,东3舍324
02200896,苏静,女,2003-01-18,1.62,西3舍325
02000897,杨玉梅,男,2002-07-23,1.71,东3舍325
02200898,郑瑞,女,2002-02-03,1.73,西3舍325
02000899,柯娜,男,2002-04-19,1.62,东3舍325
02200900,张岩,女,2003-05-16,1.50,西3舍326
02000901,黄倩,男,2001-10-07,1.68,东3舍326
02200902,韩想,女,2002-08-17,1.70,西3舍326
02000903,郎旭,男,2002-04-15,1.64,东3舍326
02200904,徐俊,女,2001-08-08,1.69,西3舍327
02000905,覃浩,男,2001-11-06,1.84,东3舍327
02200906,王龙,女,2001-01-18,1.71,西3舍327
02000907,熊强,男,2002-10-07,1.74,东3舍327
02200908,韩峰,女,2003-09-01,1.54,西3舍328
02000909,李柳,男,2002-04-04,1.66,东3舍328
02200910,刘淑华,女,2001-04-05,1.78,西3舍328
02000911,侯桂珍,男,2003-07-05,1.65,东3舍328
02200912,高萍,女,2001-04-28,1.79,西3舍329
02000913,纪平,男,2001-01-18,1.86,东3舍329
02200914,王丹,女,2002-05-31,1.55,西3舍329
02000915,杨平,男,2002-08-29,1.60,东3舍329
02200916,黄玉兰,女,2003-11-21,1.57,西3舍330
02000917,潘涛,男,2003-03-08,1.77,东3舍330
02200918,戴帅,女,2003-06-01,1.51,西3舍330
02000919,赵艳,男,2002-09-20,1.71,东3舍330
02200920,乔畅,女,2003-07-22,1.51,西3舍331
02000921,钱金凤,男,2002-12-27,1.87,东3舍331
02200922,吴宁,女,2002-01-26,1.64,西3舍331
02000923,王春梅,男,2002-10-15,1.78,东3舍331
02200924,杨莹,女,2002-03-27,1.68,西3舍332
02000925,李秀华,男,2002-03-03,1.75,东3舍332
02200926,褚玉英,女,2003-08-27,1.62,西3舍332
02000927,王玉华,男,2003-06-28,1.64,东3舍332
02200928,叶秀云,女,2002-08-01,1.71,西3舍333
02000929,萧洋,男,2001-08-12,1.64,东3舍333
02200930,马丽,女,2003-10-31,1.60,西3舍333
02000931,文杨,男,2002-06-16,1.80,东3舍333
02200932,李阳,女,2002-01-22,1.57,西3舍334
02000933,吴利,男,2002-11-06,1.60,东3舍334
02200934,何芳,女,2003-10-25,1.68,西3舍334
02000935,陈峰,男,2003-05-26,1.88,东3舍334
02200936,王杨,女,2001-06-18,1.59,西3舍335
02000937,李旭,男,2002-08-30,1.85,东3舍335
02200938,谢晶,女,2003-10-23,1.65,西3舍335
02000939,张桂英,男,2003-11-22,1.87,东3舍335
02200940,牛利,女,2003-08-07,1.66,西3舍336
02000941,张佳,男,2003-04-02,1.88,东3舍336
02200942,冯秀梅,女,2001-08-08,1.61,西3舍336
02000943,唐浩,男,2003-06-01,1.76,东3舍336
02200944,杨倩,女,2001-10-16,1.59,西3舍337
02000945,袁丹丹,男,2001-02-28,1.73,东3舍337
02200946,黄涛,女,2002-09-05,1.71,西3舍337
02000947,马健,男,2002-06-25,1.65,东3舍337
02200948,张丽,女,2002-05-16,1.59,西3舍338
02000949,邱丽娟,男,2003-04-07,1.86,东3舍338
02200950,王欣,女,2001-02-26,1.75,西3舍338
02000951,宋峰,男,2003-05-06,1.69,东3舍338
02200952,吴伟,女,2002-05-24,1.59,西3舍339
02000953,吴辉,男,2001-06-22,1.83,东3舍339
02200954,陈俊,女,2001-10-09,1.75,西3舍339
02000955,丁荣,男,2003-03-28,1.72,东3舍339
02200956,林博,女,2003-04-06,1.59,西3舍340
02000957,王玉,男,2002-07-07,1.77,东3舍340
02200958,汪瑜,女,2002-06-30,1.75,西3舍340
02000959,郝凤兰,男,2003-05-24,1.65,东3舍340
02200960,廖龙,女,2002-06-26,1.57,西3舍341
02000961,范婷,男,2003-07-05,1.70,东3舍341
02200962,钟伟,女,2002-07-16,1.56,西3舍341
02000963,程晨,男,2001-06-28,1.80,东3舍341
02200964,李明,女,2001-02-13,1.62,西3舍342
02000965,刘艳,男,2002-04-10,1.85,东3舍342
02200966,皮莉,女,2002-10-18,1.74,西3舍342
02000967,王建军,男,2001-12-25,1.86,东3舍342
02200968,扈桂英,女,2002-11-30,1.78,西3舍343
02000969,梁海燕,男,2002-09-15,1.79,东3舍343
02200970,李淑英,女,2002-03-26,1.61,西3舍343
02000971,钟娜,男,2003-06-02,1.71,东3舍343
02200972,周晨,女,2001-09-26,1.63,西3舍344
02000973,罗丽华,男,2003-03-20,1.78,东3舍344
02200974,王桂珍,女,2003-12-30,1.72,西3舍344
02000975,崔欢,男,2003-10-27,1.72,东3舍344
02200976,鞠云,女,2002-03-06,1.62,西3舍345
02000977,李淑英,男,2002-04-03,1.86,东3舍345
02200978,孔平,女,2001-11-19,1.63,西3舍345
02000979,陈秀云,男,2001-01-22,1.81,东3舍345
02200980,王丽娟,女,2001-02-12,1.79,西3舍346
02000981,郭丽娟,男,2001-03-01,1.60,东3舍346
02200982,田芳,女,2001-09-04,1.75,西3舍346
02000983,向秀荣,男,2003-11-03,1.73,东3舍346
02200984,周慧,女,2002-07-15,1.55,西3舍347
02000985,牛莹,男,2003-09-05,1.60,东3舍347
02200986,马丹丹,女,2003-11-15,1.58,西3舍347
02000987,单凤英,男,2003-11-25,1.81,东3舍347
02200988,尹杰,女,2002-02-23,1.74,西3舍348
02000989,李健,男,2003-12-25,1.84,东3舍348
02200990,张英,女,2001-08-01,1.56,西3舍348
02000991,叶荣,男,2001-12-05,1.67,东3舍348
02200992,曾凯,女,2001-07-13,1.78,西3舍349
02000993,王辉,男,2001-07-02,1.61,东3舍349
02200994,吕玉兰,女,2002-05-03,1.53,西3舍349
02000995,黄淑珍,男,2003-03-05,1.73,东3舍349
02200996,黄小红,女,2002-08-18,1.75,西3舍350
02000997,周桂香,男,2002-11-22,1.68,东3舍350
02200998,刘荣,女,2002-03-23,1.74,西3舍350
02000999,陈洋,男,2001-01-15,1.62,东3舍350
